sample,rate,substrate
e406a,0.3304626,0.07500
e406a,0.1453648,0.01875
e406a,0.0755897,0.00469
e406a,-0.0000000,0.00117
e406a,0.1315205,0.00029
e406a,0.0445785,0.00007
e406a,0.0145365,0.00000
e406a,0.4108977,0.07500
e406a,0.1182300,0.01875
e406a,0.0707442,0.00469
e406a,0.0167137,0.00002
e406a,0.0000000,0.00000
e406a,0.3895775,0.07500
e406a,0.0940025,0.01875
e406a,0.0562077,0.00469
e406a,0.0242275,0.00117
e406a,0.0087192,0.00029
e406a,0.0300716,0.00007
e406a,0.0000000,0.00000
p329w,0.2032481,0.07500
p329w,0.2528784,0.01875
p329w,0.0180623,0.00469
p329w,0.0240555,0.00117
p329w,-0.0000000,0.00007
p329w,-0.0366319,0.00002
p329w,0.0000000,0.00000
p329w,0.2942370,0.07500
p329w,-0.0000000,0.00469
p329w,-0.0000000,0.00117
p329w,0.0472670,0.00029
p329w,0.0527533,0.00007
p329w,0.0173558,0.00002
p329w,-0.0000000,0.00000
p329w,0.3261423,0.07500
p329w,0.2067931,0.01875
p329w,0.0295419,0.00469
p329w,0.0000000,0.00117
p329w,-0.0000000,0.00029
p329w,0.0307235,0.00007
p329w,-0.0508120,0.00002
p329w,-0.0166038,0.00000
g355a,6.43e-01,0.01875
g355a,3.96e-01,0.00469
g355a,2.50e-01,0.00117
g355a,5.53e-14,0.00029
g355a,-1.24e-13,0.00007
g355a,1.31e-13,0.00002
g355a,9.49e-14,0.00000
g355a,1.03e+00,0.07500
g355a,8.43e-01,0.01875
g355a,3.70e-01,0.00469
g355a,2.83e-01,0.00117
g355a,1.28e-14,0.00029
g355a,4.91e-14,0.00007
g355a,6.60e-14,0.00002
g355a,-2.33e-13,0.00000
g355a,9.99e-01,0.07500
g355a,6.56e-01,0.01875
g355a,4.36e-01,0.00469
g355a,3.20e-01,0.00117
g355a,4.10e-01,0.00029
g355a,-2.29e-13,0.00007
g355a,8.65e-14,0.00002
g355a,1.70e-14,0.00000
e177a,9.13e+02,0.07500
e177a,7.67e+02,0.01875
e177a,4.44e+02,0.00469
e177a,1.63e+02,0.00117
e177a,4.92e+01,0.00029
e177a,1.26e+01,0.00007
e177a,3.47e+00,0.00002
e177a,8.09e-14,0.00000
e177a,9.22e+02,0.07500
e177a,7.44e+02,0.01875
e177a,4.47e+02,0.00469
e177a,1.56e+02,0.00117
e177a,4.41e+01,0.00029
e177a,1.22e+01,0.00007
e177a,3.24e+00,0.00002
e177a,1.53e-02,0.00000
e177a,9.23e+02,0.07500
e177a,6.93e+02,0.01875
e177a,4.48e+02,0.00469
e177a,1.37e+02,0.00117
e177a,4.45e+01,0.00029
e177a,1.13e+01,0.00007
e177a,3.05e+00,0.00002
e177a,0.00e+00,0.00000
m223g,8.7536e+01,0.01875
m223g,1.8580e+01,0.00469
m223g,3.8856e+00,0.00117
m223g,9.1060e-01,0.00029
m223g,3.1809e-01,0.00007
m223g,7.6821e-14,0.00002
m223g,-1.1577e-13,0.00000
m223g,1.1916e+02,0.07500
m223g,8.0326e+01,0.01875
m223g,2.1468e+01,0.00469
m223g,4.2162e+00,0.00117
m223g,9.6673e-01,0.00029
m223g,2.7964e-01,0.00007
m223g,3.2432e-01,0.00002
m223g,3.0253e-13,0.00000
m223g,1.1604e+02,0.07500
m223g,8.9700e+01,0.01875
m223g,1.8243e+01,0.00469
m223g,3.6549e+00,0.00117
m223g,8.7942e-01,0.00029
m223g,5.1143e-01,0.00007
m223g,2.2873e-14,0.00002
m223g,-1.1885e-13,0.00000
h119n,1.4492e+00,0.07500
h119n,9.0076e-01,0.01875
h119n,2.6212e-01,0.00469
h119n,9.1848e-02,0.00117
h119n,2.5337e-02,0.00029
h119n,-1.8514e-14,0.00007
h119n,2.0411e-02,0.00002
h119n,0.0000e+00,0.00000
h119n,1.3562e+00,0.07500
h119n,8.6799e-01,0.01875
h119n,2.3365e-01,0.00469
h119n,8.0032e-02,0.00117
h119n,1.3965e-01,0.00029
h119n,1.7188e-02,0.00007
h119n,-3.1586e-14,0.00002
h119n,0.0000e+00,0.00000
h119n,1.5007e+00,0.07500
h119n,9.1902e-01,0.01875
h119n,2.5460e-01,0.00469
h119n,6.8752e-02,0.00117
h119n,3.2227e-02,0.00029
h119n,-8.0174e-15,0.00007
h119n,1.2354e-02,0.00002
h119n,1.6686e-15,0.00000
w325h,3.1203e+01,0.07500
w325h,3.4141e+01,0.01875
w325h,2.3255e+01,0.00469
w325h,8.6101e+00,0.00117
w325h,2.7866e+00,0.00029
w325h,8.4875e-01,0.00007
w325h,4.6117e-01,0.00002
w325h,-3.7931e-14,0.00000
w325h,2.9696e+01,0.07500
w325h,3.5319e+01,0.01875
w325h,1.9094e+01,0.00469
w325h,8.8603e+00,0.00117
w325h,2.8504e+00,0.00029
w325h,8.2912e-01,0.00007
w325h,4.7098e-01,0.00002
w325h,3.9832e-14,0.00000
w325h,3.1090e+01,0.07500
w325h,3.3042e+01,0.01875
w325h,1.8246e+01,0.00469
w325h,8.9045e+00,0.00117
w325h,2.8750e+00,0.00029
w325h,7.3591e-01,0.00007
w325h,5.5438e-01,0.00002
w325h,2.9927e-01,0.00000
e423s,4.9366e+02,0.01875
e423s,2.4432e+02,0.00469
e423s,1.0339e+02,0.00117
e423s,3.0331e+01,0.00029
e423s,7.8373e+00,0.00007
e423s,2.4851e+00,0.00002
e423s,0.0000e+00,0.00000
e423s,5.7627e+02,0.07500
e423s,5.0358e+02,0.01875
e423s,2.5005e+02,0.00469
e423s,1.0240e+02,0.00117
e423s,3.1482e+01,0.00029
e423s,8.2244e+00,0.00007
e423s,2.3425e+00,0.00002
e423s,1.7433e-13,0.00000
e423s,5.7124e+02,0.07500
e423s,5.1490e+02,0.01875
e423s,2.4713e+02,0.00469
e423s,1.0430e+02,0.00117
e423s,3.0366e+01,0.00029
e423s,7.8730e+00,0.00007
e423s,2.0574e+00,0.00002
e423s,9.8553e-03,0.00000
w399c,5.96e-01,0.01875
w399c,1.88e-01,0.00469
w399c,9.08e-02,0.00117
w399c,3.57e-02,0.00029
w399c,9.19e-15,0.00007
w399c,1.51e-14,0.00002
w399c,-1.31e-14,0.00000
w399c,1.36e+00,0.07500
w399c,5.36e-01,0.01875
w399c,2.11e-01,0.00469
w399c,8.37e-02,0.00117
w399c,4.43e-02,0.00029
w399c,0.00e+00,0.00007
w399c,2.80e-15,0.00002
w399c,-2.98e-14,0.00000
w399c,1.33e+00,0.07500
w399c,5.42e-01,0.01875
w399c,2.02e-01,0.00469
w399c,6.75e-02,0.00117
w399c,3.63e-02,0.00029
w399c,-3.49e-15,0.00007
w399c,-4.30e-15,0.00002
w399c,2.26e-15,0.00000
f75a,5.95e+02,0.07500
f75a,4.60e+02,0.01875
f75a,2.65e+02,0.00469
f75a,1.16e+02,0.00117
f75a,3.87e+01,0.00029
f75a,1.19e+01,0.00007
f75a,4.41e+00,0.00002
f75a,-8.06e-13,0.00000
f75a,5.75e+02,0.07500
f75a,4.71e+02,0.01875
f75a,2.89e+02,0.00469
f75a,1.15e+02,0.00117
f75a,3.78e+01,0.00029
f75a,1.07e+01,0.00007
f75a,3.73e+00,0.00002
f75a,8.88e-14,0.00000
f75a,5.80e+02,0.07500
f75a,4.41e+02,0.01875
f75a,2.96e+02,0.00469
f75a,1.30e+02,0.00117
f75a,4.69e+01,0.00029
f75a,1.27e+01,0.00007
f75a,4.51e+00,0.00002
f75a,9.53e-13,0.00000
q19s,4.73e-01,0.07500
q19s,1.57e-01,0.01875
q19s,6.88e-02,0.00469
q19s,4.34e-14,0.00117
q19s,-7.24e-14,0.00029
q19s,4.46e-14,0.00007
q19s,3.11e-14,0.00002
q19s,3.34e-14,0.00000
q19s,3.98e-01,0.07500
q19s,1.81e-01,0.01875
q19s,1.11e-01,0.00469
q19s,2.42e-02,0.00117
q19s,2.22e-14,0.00029
q19s,4.43e-14,0.00007
q19s,3.86e-14,0.00002
q19s,-1.99e-14,0.00000
q19s,3.62e-01,0.07500
q19s,1.52e-01,0.01875
q19s,7.59e-02,0.00469
q19s,2.42e-02,0.00117
q19s,2.23e-14,0.00029
q19s,-1.02e-13,0.00007
q19s,-3.61e-14,0.00002
q19s,-2.59e-14,0.00000
v52g,6.06e+02,0.07500
v52g,4.51e+02,0.01875
v52g,2.58e+02,0.00469
v52g,9.64e+01,0.00117
v52g,3.19e+01,0.00029
v52g,8.85e+00,0.00007
v52g,2.28e+00,0.00002
v52g,9.79e-14,0.00000
v52g,6.12e+02,0.07500
v52g,4.52e+02,0.01875
v52g,2.51e+02,0.00469
v52g,1.05e+02,0.00117
v52g,3.38e+01,0.00029
v52g,9.19e+00,0.00007
v52g,2.42e+00,0.00002
v52g,1.25e-01,0.00000
v52g,6.75e+02,0.07500
v52g,4.64e+02,0.01875
v52g,2.58e+02,0.00469
v52g,1.04e+02,0.00117
v52g,3.19e+01,0.00029
v52g,8.86e+00,0.00007
v52g,2.56e+00,0.00002
v52g,1.58e-13,0.00000
w325l,8.54e+01,0.01875
w325l,4.51e+01,0.00469
w325l,1.93e+01,0.00117
w325l,5.87e+00,0.00029
w325l,2.68e+00,0.00007
w325l,6.80e-01,0.00002
w325l,-2.34e-14,0.00000
w325l,9.99e+01,0.07500
w325l,8.62e+01,0.01875
w325l,4.34e+01,0.00469
w325l,3.37e+01,0.00117
w325l,1.37e+01,0.00029
w325l,6.36e+00,0.00007
w325l,1.78e+00,0.00002
w325l,-1.08e-13,0.00000
w325l,9.87e+01,0.07500
w325l,9.04e+01,0.01875
w325l,4.31e+01,0.00469
w325l,2.06e+01,0.00117
w325l,7.85e-01,0.00029
w325l,2.13e+00,0.00007
w325l,4.97e-01,0.00002
w325l,7.11e-14,0.00000
m261e,6.17e+01,0.07500
m261e,3.44e+01,0.01875
m261e,2.15e+01,0.00469
m261e,1.13e+01,0.00117
m261e,6.62e+00,0.00029
m261e,3.58e+00,0.00007
m261e,-4.16e-13,0.00002
m261e,3.03e-13,0.00000
m261e,5.19e+01,0.07500
m261e,4.00e+01,0.01875
m261e,1.88e+01,0.00469
m261e,1.26e+01,0.00117
m261e,2.12e+01,0.00029
m261e,1.11e-12,0.00007
m261e,-2.17e-13,0.00002
m261e,0.00e+00,0.00000
m261e,5.74e+01,0.07500
m261e,2.98e+01,0.01875
m261e,2.06e+01,0.00469
m261e,1.07e+01,0.00117
m261e,7.34e+00,0.00029
m261e,2.46e-13,0.00007
m261e,1.11e-12,0.00002
m261e,6.60e-13,0.00000
m358t,4.42e+02,0.07500
m358t,3.31e+02,0.01875
m358t,2.00e+02,0.00469
m358t,1.15e+02,0.00117
m358t,5.75e+01,0.00029
m358t,1.19e+01,0.00007
m358t,2.91e+00,0.00002
m358t,-9.36e-14,0.00000
m358t,4.37e+02,0.07500
m358t,3.30e+02,0.01875
m358t,2.26e+02,0.00469
m358t,9.35e+01,0.00117
m358t,4.69e+01,0.00029
m358t,1.55e+01,0.00007
m358t,4.65e+00,0.00002
m358t,-1.44e-13,0.00000
m358t,3.88e+02,0.07500
m358t,3.33e+02,0.01875
m358t,1.93e+02,0.00469
m358t,9.55e+01,0.00117
m358t,3.90e+01,0.00029
m358t,1.43e+01,0.00007
m358t,4.54e+00,0.00002
m358t,1.67e-02,0.00000
k341a,9.78e+02,0.07500
k341a,8.14e+02,0.01875
k341a,4.11e+02,0.00469
k341a,2.14e+02,0.00117
k341a,6.65e+01,0.00029
k341a,2.49e+01,0.00007
k341a,8.00e+00,0.00002
k341a,1.36e-14,0.00000
k341a,9.68e+02,0.07500
k341a,8.72e+02,0.01875
k341a,4.54e+02,0.00469
k341a,2.21e+02,0.00117
k341a,6.73e+01,0.00029
k341a,2.34e+01,0.00007
k341a,7.46e+00,0.00002
k341a,0.00e+00,0.00000
k341a,9.56e+02,0.07500
k341a,8.09e+02,0.01875
k341a,4.84e+02,0.00469
k341a,2.05e+02,0.00117
k341a,7.50e+01,0.00029
k341a,2.44e+01,0.00007
k341a,7.25e+00,0.00002
k341a,1.82e-13,0.00000
n407a,3.00e+01,0.01875
n407a,1.53e+01,0.00469
n407a,6.16e+00,0.00117
n407a,1.98e+00,0.00029
n407a,7.08e-01,0.00007
n407a,1.69e-01,0.00002
n407a,-1.10e-13,0.00000
n407a,4.42e+01,0.07500
n407a,3.04e+01,0.01875
n407a,1.50e+01,0.00469
n407a,5.97e+00,0.00117
n407a,2.05e+00,0.00029
n407a,6.89e-01,0.00007
n407a,9.26e-02,0.00002
n407a,-8.69e-14,0.00000
n407a,4.37e+01,0.07500
n407a,2.96e+01,0.01875
n407a,1.43e+01,0.00469
n407a,7.06e+00,0.00117
n407a,2.25e+00,0.00029
n407a,8.69e-01,0.00007
n407a,1.86e-01,0.00002
n407a,9.02e-15,0.00000
n163d,9.35e+00,0.07500
n163d,5.71e+00,0.01875
n163d,2.91e+00,0.00469
n163d,1.26e+00,0.00117
n163d,5.48e-01,0.00029
n163d,8.42e-02,0.00007
n163d,-1.21e-13,0.00002
n163d,2.86e-13,0.00000
n163d,9.65e+00,0.07500
n163d,5.78e+00,0.01875
n163d,2.79e+00,0.00469
n163d,1.21e+00,0.00117
n163d,4.14e-01,0.00029
n163d,1.27e-01,0.00007
n163d,5.47e-14,0.00002
n163d,-1.32e-13,0.00000
n163d,9.15e+00,0.07500
n163d,5.74e+00,0.01875
n163d,2.76e+00,0.00469
n163d,1.16e+00,0.00117
n163d,4.28e-01,0.00029
n163d,9.57e-02,0.00007
n163d,9.88e-14,0.00002
n163d,-4.37e-14,0.00000
s16a,1.33e+02,0.07500
s16a,8.69e+01,0.01875
s16a,3.94e+01,0.00469
s16a,1.37e+01,0.00117
s16a,4.22e+00,0.00029
s16a,1.22e+00,0.00007
s16a,2.68e-01,0.00002
s16a,1.74e-13,0.00000
s16a,1.30e+02,0.07500
s16a,8.55e+01,0.01875
s16a,3.89e+01,0.00469
s16a,1.19e+01,0.00117
s16a,3.60e+00,0.00029
s16a,1.34e+00,0.00007
s16a,2.87e-01,0.00002
s16a,1.27e+02,0.07500
s16a,9.07e+01,0.01875
s16a,3.80e+01,0.00469
s16a,1.21e+01,0.00117
s16a,3.46e+00,0.00029
s16a,1.23e+00,0.00007
s16a,4.94e-01,0.00002
y166p,2.67e+01,0.01875
y166p,1.70e+01,0.00469
y166p,5.54e+00,0.00117
y166p,1.68e+00,0.00029
y166p,4.62e-01,0.00007
y166p,1.51e-13,0.00002
y166p,-1.20e-13,0.00000
y166p,2.13e+01,0.07500
y166p,2.58e+01,0.01875
y166p,1.84e+01,0.00469
y166p,7.36e+00,0.00117
y166p,2.01e+00,0.00029
y166p,4.59e-01,0.00007
y166p,0.00e+00,0.00002
y166p,-1.52e-14,0.00000
y166p,2.14e+01,0.07500
y166p,2.71e+01,0.01875
y166p,1.95e+01,0.00469
y166p,7.34e+00,0.00117
y166p,1.73e+00,0.00029
y166p,5.00e-01,0.00007
y166p,8.79e-14,0.00002
y166p,-6.72e-14,0.00000
i244n,2.54e+02,0.07500
i244n,2.49e+02,0.01875
i244n,1.71e+02,0.00469
i244n,9.55e+01,0.00117
i244n,3.53e+01,0.00029
i244n,1.17e+01,0.00007
i244n,4.38e+00,0.00002
i244n,-2.95e-13,0.00000
i244n,2.65e+02,0.07500
i244n,2.51e+02,0.01875
i244n,1.67e+02,0.00469
i244n,9.99e+01,0.00117
i244n,3.60e+01,0.00029
i244n,1.11e+01,0.00007
i244n,4.03e+00,0.00002
i244n,9.75e-13,0.00000
i244n,2.65e+02,0.07500
i244n,2.52e+02,0.01875
i244n,1.97e+02,0.00469
i244n,9.61e+01,0.00117
i244n,4.17e+01,0.00029
i244n,1.67e+01,0.00007
i244n,4.62e+00,0.00002
i244n,-1.47e-13,0.00000
t175r,7.57e+02,0.07500
t175r,6.74e+02,0.01875
t175r,4.36e+02,0.00469
t175r,1.64e+02,0.00117
t175r,5.69e+01,0.00029
t175r,1.60e+01,0.00007
t175r,4.26e+00,0.00002
t175r,-6.73e-14,0.00000
t175r,7.74e+02,0.07500
t175r,6.70e+02,0.01875
t175r,4.60e+02,0.00469
t175r,2.10e+02,0.00117
t175r,6.70e+01,0.00029
t175r,1.66e+01,0.00007
t175r,4.45e+00,0.00002
t175r,1.88e-13,0.00000
t175r,7.87e+02,0.07500
t175r,6.39e+02,0.01875
t175r,4.71e+02,0.00469
t175r,2.20e+02,0.00117
t175r,7.54e+01,0.00029
t175r,2.00e+01,0.00007
t175r,4.95e+00,0.00002
t175r,3.92e-14,0.00000
l171r,3.53e+02,0.07500
l171r,3.52e+02,0.01875
l171r,2.39e+02,0.00469
l171r,8.52e+01,0.00117
l171r,3.04e+01,0.00029
l171r,8.72e+00,0.00007
l171r,2.24e+00,0.00002
l171r,5.46e-14,0.00000
l171r,3.68e+02,0.07500
l171r,3.62e+02,0.01875
l171r,2.39e+02,0.00469
l171r,8.86e+01,0.00117
l171r,2.87e+01,0.00029
l171r,7.91e+00,0.00007
l171r,3.10e+00,0.00002
l171r,1.47e-13,0.00000
l171r,4.08e+02,0.07500
l171r,3.46e+02,0.01875
l171r,2.43e+02,0.00469
l171r,1.05e+02,0.00117
l171r,3.15e+01,0.00029
l171r,8.78e+00,0.00007
l171r,2.36e+00,0.00002
l171r,1.25e-13,0.00000
a192s,7.49e+02,0.01875
a192s,4.49e+02,0.00469
a192s,2.06e+02,0.00117
a192s,5.36e+01,0.00029
a192s,1.45e+01,0.00007
a192s,3.66e+00,0.00002
a192s,-1.71e-13,0.00000
a192s,8.97e+02,0.07500
a192s,7.42e+02,0.01875
a192s,4.30e+02,0.00469
a192s,2.02e+02,0.00117
a192s,6.58e+01,0.00029
a192s,1.84e+01,0.00007
a192s,4.78e+00,0.00002
a192s,-4.59e-14,0.00000
a192s,8.97e+02,0.07500
a192s,7.19e+02,0.01875
a192s,4.44e+02,0.00469
a192s,1.89e+02,0.00117
a192s,6.29e+01,0.00029
a192s,1.53e+01,0.00007
a192s,4.37e+00,0.00002
a192s,1.09e-13,0.00000
s331a,7.63e+02,0.07500
s331a,6.76e+02,0.01875
s331a,4.24e+02,0.00469
s331a,1.84e+02,0.00117
s331a,4.84e+01,0.00029
s331a,1.37e+01,0.00007
s331a,3.56e+00,0.00002
s331a,1.49e-13,0.00000
s331a,7.65e+02,0.07500
s331a,6.81e+02,0.01875
s331a,4.07e+02,0.00469
s331a,1.65e+02,0.00117
s331a,4.91e+01,0.00029
s331a,1.28e+01,0.00007
s331a,3.29e+00,0.00002
s331a,1.48e-13,0.00000
s331a,7.67e+02,0.07500
s331a,6.74e+02,0.01875
s331a,4.10e+02,0.00469
s331a,1.89e+02,0.00117
s331a,5.35e+01,0.00029
s331a,1.76e+01,0.00007
s331a,4.42e+00,0.00002
s331a,-1.61e-13,0.00000
q313r,7.80e+02,0.07500
q313r,6.63e+02,0.01875
q313r,4.49e+02,0.00469
q313r,2.09e+02,0.00117
q313r,6.43e+01,0.00029
q313r,1.88e+01,0.00007
q313r,4.97e+00,0.00002
q313r,1.99e-14,0.00000
q313r,7.83e+02,0.07500
q313r,6.65e+02,0.01875
q313r,4.43e+02,0.00469
q313r,2.16e+02,0.00117
q313r,6.27e+01,0.00029
q313r,1.80e+01,0.00007
q313r,4.73e+00,0.00002
q313r,6.03e-14,0.00000
q313r,7.80e+02,0.07500
q313r,6.47e+02,0.01875
q313r,4.58e+02,0.00469
q313r,2.06e+02,0.00117
q313r,5.84e+01,0.00029
q313r,1.67e+01,0.00007
q313r,4.57e+00,0.00002
q313r,4.43e-14,0.00000
i300n,6.70e+02,0.07500
i300n,5.36e+02,0.01875
i300n,3.34e+02,0.00469
i300n,1.43e+02,0.00117
i300n,4.39e+01,0.00029
i300n,1.12e+01,0.00007
i300n,2.83e+00,0.00002
i300n,-1.10e-13,0.00000
i300n,6.84e+02,0.07500
i300n,5.28e+02,0.01875
i300n,3.47e+02,0.00469
i300n,1.44e+02,0.00117
i300n,4.44e+01,0.00029
i300n,1.18e+01,0.00007
i300n,3.04e+00,0.00002
i300n,9.93e-14,0.00000
i300n,6.69e+02,0.07500
i300n,5.32e+02,0.01875
i300n,3.75e+02,0.00469
i300n,1.97e+02,0.00117
i300n,8.44e+01,0.00029
i300n,2.41e+01,0.00007
i300n,6.63e+00,0.00002
i300n,-1.79e-14,0.00000
e177l,4.86e+02,0.01875
e177l,2.66e+02,0.00469
e177l,1.04e+02,0.00117
e177l,3.16e+01,0.00029
e177l,8.78e+00,0.00007
e177l,2.71e+00,0.00002
e177l,-5.93e-14,0.00000
e177l,6.33e+02,0.07500
e177l,4.96e+02,0.01875
e177l,2.38e+02,0.00469
e177l,9.24e+01,0.00117
e177l,2.93e+01,0.00029
e177l,8.27e+00,0.00007
e177l,2.33e+00,0.00002
e177l,3.11e-13,0.00000
e177l,5.80e+02,0.07500
e177l,4.67e+02,0.01875
e177l,2.47e+02,0.00469
e177l,9.63e+01,0.00117
e177l,2.96e+01,0.00029
e177l,7.89e+00,0.00007
e177l,2.15e+00,0.00002
e177l,-1.87e-13,0.00000
e177k,4.91e+02,0.07500
e177k,4.38e+02,0.01875
e177k,2.27e+02,0.00469
e177k,8.02e+01,0.00117
e177k,2.38e+01,0.00029
e177k,6.30e+00,0.00007
e177k,1.74e+00,0.00002
e177k,3.00e-13,0.00000
e177k,5.03e+02,0.07500
e177k,4.40e+02,0.01875
e177k,2.25e+02,0.00469
e177k,8.20e+01,0.00117
e177k,2.34e+01,0.00029
e177k,6.07e+00,0.00007
e177k,2.12e+00,0.00002
e177k,-3.03e-13,0.00000
e177k,5.08e+02,0.07500
e177k,4.38e+02,0.01875
e177k,2.36e+02,0.00469
e177k,8.61e+01,0.00117
e177k,2.42e+01,0.00029
e177k,6.79e+00,0.00007
e177k,2.05e+00,0.00002
e177k,1.34e-01,0.00000
y294f,7.10e+02,0.07500
y294f,5.01e+02,0.01875
y294f,3.29e+02,0.00469
y294f,1.26e+02,0.00117
y294f,3.99e+01,0.00029
y294f,1.08e+01,0.00007
y294f,3.12e+00,0.00002
y294f,-7.40e-14,0.00000
y294f,6.80e+02,0.07500
y294f,5.45e+02,0.01875
y294f,3.31e+02,0.00469
y294f,1.41e+02,0.00117
y294f,4.26e+01,0.00029
y294f,1.14e+01,0.00007
y294f,3.16e+00,0.00002
y294f,3.36e-13,0.00000
y294f,6.98e+02,0.07500
y294f,5.47e+02,0.01875
y294f,3.30e+02,0.00469
y294f,1.29e+02,0.00117
y294f,3.96e+01,0.00029
y294f,1.05e+01,0.00007
y294f,2.77e+00,0.00002
y294f,3.45e-01,0.00000
n220h,1.11e+02,0.07500
n220h,9.52e+01,0.01875
n220h,5.66e+01,0.00469
n220h,2.20e+01,0.00117
n220h,6.37e+00,0.00029
n220h,1.65e+00,0.00007
n220h,5.41e-01,0.00002
n220h,-1.19e-13,0.00000
n220h,1.14e+02,0.07500
n220h,9.98e+01,0.01875
n220h,5.75e+01,0.00469
n220h,2.22e+01,0.00117
n220h,6.56e+00,0.00029
n220h,1.78e+00,0.00007
n220h,5.01e-01,0.00002
n220h,5.98e-13,0.00000
n220h,1.20e+02,0.07500
n220h,9.33e+01,0.01875
n220h,5.94e+01,0.00469
n220h,2.68e+01,0.00117
n220h,9.05e+00,0.00029
n220h,2.63e+00,0.00007
n220h,6.88e-01,0.00002
n220h,-2.98e-13,0.00000
h119e,7.53e-02,0.01875
h119e,2.41e-02,0.00469
h119e,1.42e-02,0.00117
h119e,1.48e-02,0.00029
h119e,1.07e-02,0.00007
h119e,7.91e-14,0.00002
h119e,-1.52e-13,0.00000
h119e,1.99e-01,0.07500
h119e,5.48e-02,0.01875
h119e,8.53e-03,0.00469
h119e,8.13e-03,0.00117
h119e,7.06e-03,0.00029
h119e,1.13e-13,0.00007
h119e,2.45e-13,0.00002
h119e,1.27e-13,0.00000
h119e,2.07e-01,0.07500
h119e,6.86e-02,0.01875
h119e,6.34e-03,0.00469
h119e,1.08e-02,0.00117
h119e,1.01e-13,0.00029
h119e,9.98e-14,0.00007
h119e,5.40e-14,0.00002
h119e,1.16e-14,0.00000
n220d+n293d,5.84e-01,0.07500
n220d+n293d,3.44e-01,0.01875
n220d+n293d,1.04e-01,0.00469
n220d+n293d,3.25e-02,0.00117
n220d+n293d,4.14e-03,0.00029
n220d+n293d,2.11e-13,0.00007
n220d+n293d,-1.47e-13,0.00002
n220d+n293d,-1.64e-13,0.00000
n220d+n293d,5.81e-01,0.07500
n220d+n293d,3.39e-01,0.01875
n220d+n293d,6.41e-02,0.00469
n220d+n293d,0.00e+00,0.00117
n220d+n293d,-8.34e-14,0.00029
n220d+n293d,4.85e-14,0.00007
n220d+n293d,-1.72e-13,0.00002
n220d+n293d,1.09e-13,0.00000
n220d+n293d,6.11e-01,0.07500
n220d+n293d,2.37e-01,0.01875
n220d+n293d,1.39e-01,0.00469
n220d+n293d,6.11e-02,0.00117
n220d+n293d,-6.43e-14,0.00029
n220d+n293d,2.31e-13,0.00007
n220d+n293d,4.84e-14,0.00002
n220d+n293d,3.48e-14,0.00000
c167n+w120r,2.43e-01,0.07500
c167n+w120r,5.98e-02,0.01875
c167n+w120r,-8.19e-14,0.00469
c167n+w120r,0.00e+00,0.00117
c167n+w120r,1.38e-13,0.00029
c167n+w120r,-1.28e-13,0.00007
c167n+w120r,-1.29e-14,0.00002
c167n+w120r,9.75e-14,0.00000
c167n+w120r,1.94e-01,0.07500
c167n+w120r,3.04e-01,0.01875
c167n+w120r,-1.59e-13,0.00469
c167n+w120r,-8.19e-14,0.00117
c167n+w120r,-2.30e-13,0.00029
c167n+w120r,-1.82e-14,0.00007
c167n+w120r,0.00e+00,0.00002
c167n+w120r,6.84e-15,0.00000
c167n+w120r,3.31e-01,0.07500
c167n+w120r,2.05e-01,0.01875
c167n+w120r,6.93e-14,0.00469
c167n+w120r,5.89e-14,0.00117
c167n+w120r,0.00e+00,0.00029
c167n+w120r,0.00e+00,0.00007
c167n+w120r,7.45e-14,0.00002
c167n+w120r,-7.67e-14,0.00000
w325l,9.84e+01,0.07500
w325l,8.11e+01,0.01875
w325l,4.63e+01,0.00469
w325l,1.86e+01,0.00117
w325l,5.39e+00,0.00029
w325l,1.50e+00,0.00007
w325l,4.80e-01,0.00002
w325l,-3.19e-13,0.00000
w325l,1.07e+02,0.07500
w325l,8.11e+01,0.01875
w325l,4.88e+01,0.00469
w325l,1.87e+01,0.00117
w325l,5.33e+00,0.00029
w325l,1.57e+00,0.00007
w325l,5.05e-01,0.00002
w325l,-2.10e-13,0.00000
w325l,1.00e+02,0.07500
w325l,7.90e+01,0.01875
w325l,4.92e+01,0.00469
w325l,2.04e+01,0.00117
w325l,6.05e+00,0.00029
w325l,1.73e+00,0.00007
w325l,5.05e-01,0.00002
w325l,3.29e-02,0.00000
c167q,4.11e+02,0.01875
c167q,2.41e+02,0.00469
c167q,9.33e+01,0.00117
c167q,2.72e+01,0.00029
c167q,8.09e+00,0.00007
c167q,2.04e+00,0.00002
c167q,4.25e-13,0.00000
c167q,4.58e+02,0.07500
c167q,4.02e+02,0.01875
c167q,2.44e+02,0.00469
c167q,9.43e+01,0.00117
c167q,2.75e+01,0.00029
c167q,7.47e+00,0.00007
c167q,2.55e+00,0.00002
c167q,-3.46e-13,0.00000
c167q,4.63e+02,0.07500
c167q,4.24e+02,0.01875
c167q,2.39e+02,0.00469
c167q,9.25e+01,0.00117
c167q,2.56e+01,0.00029
c167q,6.99e+00,0.00007
c167q,2.38e+00,0.00002
c167q,-1.50e-13,0.00000
h315n,4.27e+01,0.07500
h315n,3.83e+01,0.01875
h315n,2.29e+01,0.00469
h315n,9.16e+00,0.00117
h315n,2.85e+00,0.00029
h315n,9.00e-01,0.00007
h315n,3.84e-01,0.00002
h315n,2.11e-13,0.00000
h315n,4.44e+01,0.07500
h315n,3.86e+01,0.01875
h315n,2.33e+01,0.00469
h315n,9.20e+00,0.00117
h315n,2.79e+00,0.00029
h315n,1.07e+00,0.00007
h315n,3.97e-01,0.00002
h315n,5.29e-13,0.00000
h315n,4.65e+01,0.07500
h315n,3.74e+01,0.01875
h315n,2.23e+01,0.00469
h315n,9.10e+00,0.00117
h315n,2.84e+00,0.00029
h315n,1.10e+00,0.00007
h315n,4.24e-01,0.00002
h315n,-9.40e-14,0.00000
e17s,5.72e+02,0.07500
e17s,4.65e+02,0.01875
e17s,2.37e+02,0.00469
e17s,8.22e+01,0.00117
e17s,2.22e+01,0.00029
e17s,5.60e+00,0.00007
e17s,1.88e+00,0.00002
e17s,-2.10e-13,0.00000
e17s,5.63e+02,0.07500
e17s,4.74e+02,0.01875
e17s,2.36e+02,0.00469
e17s,8.52e+01,0.00117
e17s,2.27e+01,0.00029
e17s,6.10e+00,0.00007
e17s,1.79e+00,0.00002
e17s,3.50e-14,0.00000
e17s,5.85e+02,0.07500
e17s,5.08e+02,0.01875
e17s,2.41e+02,0.00469
e17s,8.77e+01,0.00117
e17s,2.41e+01,0.00029
e17s,6.36e+00,0.00007
e17s,2.00e+00,0.00002
e17s,9.44e-14,0.00000
e406d,2.85e+01,0.07500
e406d,1.34e+01,0.01875
e406d,4.91e+00,0.00469
e406d,1.61e+00,0.00117
e406d,4.83e-01,0.00029
e406d,1.74e-01,0.00007
e406d,4.87e-02,0.00002
e406d,-7.68e-14,0.00000
e406d,2.48e+01,0.07500
e406d,1.38e+01,0.01875
e406d,4.97e+00,0.00469
e406d,1.57e+00,0.00117
e406d,5.19e-01,0.00029
e406d,1.72e-01,0.00007
e406d,-6.94e-14,0.00002
e406d,1.97e-13,0.00000
e406d,2.75e+01,0.07500
e406d,1.36e+01,0.01875
e406d,5.29e+00,0.00469
e406d,1.71e+00,0.00117
e406d,6.00e-01,0.00029
e406d,1.68e-01,0.00007
e406d,7.30e-02,0.00002
e406d,-2.81e-14,0.00000
f405a,5.53e-01,4.69e-03
f405a,1.31e-01,1.17e-03
f405a,2.37e-13,2.93e-04
f405a,7.33e-02,7.32e-05
f405a,-4.40e-14,1.83e-05
f405a,1.12e-01,0.00e+00
f405a,6.56e-01,7.50e-02
f405a,3.89e-01,4.69e-03
f405a,1.87e-01,1.17e-03
f405a,1.21e-13,2.93e-04
f405a,-1.43e-13,7.32e-05
f405a,-2.96e-13,1.83e-05
f405a,-2.80e-13,0.00e+00
f405a,3.89e-01,7.50e-02
f405a,1.46e-01,4.69e-03
f405a,-1.56e-13,1.17e-03
f405a,-1.43e-13,2.93e-04
f405a,-1.12e-14,7.32e-05
f405a,-1.46e-13,1.83e-05
f405a,9.32e-02,0.00e+00
e154d,1.09e+03,7.50e-02
e154d,7.13e+02,1.88e-02
e154d,4.41e+02,4.69e-03
e154d,1.98e+02,1.17e-03
e154d,7.70e+01,2.93e-04
e154d,1.71e+01,7.32e-05
e154d,5.33e+00,1.83e-05
e154d,-2.33e-13,0.00e+00
e154d,6.83e+02,7.50e-02
e154d,6.55e+02,1.88e-02
e154d,6.57e+02,4.69e-03
e154d,1.81e+02,1.17e-03
e154d,5.76e+01,2.93e-04
e154d,1.45e+01,7.32e-05
e154d,3.49e+00,1.83e-05
e154d,-8.47e-14,0.00e+00
e154d,7.30e+02,7.50e-02
e154d,8.45e+02,1.88e-02
e154d,5.05e+02,4.69e-03
e154d,1.91e+02,1.17e-03
e154d,6.30e+01,2.93e-04
e154d,1.50e+01,7.32e-05
e154d,4.95e+00,1.83e-05
e154d,-1.58e-13,0.00e+00
h379r,2.33e+00,7.50e-02
h379r,1.77e+00,1.88e-02
h379r,9.12e-01,4.69e-03
h379r,5.26e-01,1.17e-03
h379r,2.15e-01,2.93e-04
h379r,1.24e-14,7.32e-05
h379r,5.53e-02,1.83e-05
h379r,8.34e-02,0.00e+00
h379r,2.26e+00,7.50e-02
h379r,1.50e+00,1.88e-02
h379r,1.02e+00,4.69e-03
h379r,6.41e-01,1.17e-03
h379r,2.79e-01,2.93e-04
h379r,-1.10e-13,7.32e-05
h379r,3.94e-02,1.83e-05
h379r,8.29e-15,0.00e+00
h379r,2.26e+00,7.50e-02
h379r,1.68e+00,1.88e-02
h379r,9.91e-01,4.69e-03
h379r,4.50e-01,1.17e-03
h379r,3.50e-01,2.93e-04
h379r,-1.05e-13,7.32e-05
h379r,-3.72e-14,1.83e-05
h379r,1.68e-02,0.00e+00
w407q,5.07e-01,0.01875
w407q,1.11e-01,0.00469
w407q,1.60e-01,0.00117
w407q,8.39e-02,0.00029
w407q,9.24e-14,0.00007
w407q,-9.68e-14,0.00002
w407q,9.26e-14,0.00000
w407q,3.34e-01,0.07500
w407q,4.17e-01,0.01875
w407q,1.96e-01,0.00469
w407q,1.10e-13,0.00117
w407q,1.47e-01,0.00029
w407q,1.36e-01,0.00007
w407q,-1.40e-13,0.00002
w407q,3.20e-13,0.00000
w407q,2.30e-01,0.07500
w407q,3.54e-01,0.01875
w407q,1.21e-01,0.00469
w407q,3.17e-01,0.00117
w407q,-2.82e-13,0.00029
w407q,1.32e-13,0.00007
w407q,6.79e-14,0.00002
w407q,7.77e-14,0.00000
q313r,5.51e+02,0.07500
q313r,4.75e+02,0.01875
q313r,3.25e+02,0.00469
q313r,1.47e+02,0.00117
q313r,4.89e+01,0.00029
q313r,1.27e+01,0.00007
q313r,3.89e+00,0.00002
q313r,3.86e-13,0.00000
q313r,5.47e+02,0.07500
q313r,4.74e+02,0.01875
q313r,3.21e+02,0.00469
q313r,1.49e+02,0.00117
q313r,4.92e+01,0.00029
q313r,1.26e+01,0.00007
q313r,3.78e+00,0.00002
q313r,-5.53e-14,0.00000
q313r,5.61e+02,0.07500
q313r,4.83e+02,0.01875
q313r,3.24e+02,0.00469
q313r,1.48e+02,0.00117
q313r,4.86e+01,0.00029
q313r,1.28e+01,0.00007
q313r,3.86e+00,0.00002
q313r,-4.32e-13,0.00000
w120f,3.91e+02,0.07500
w120f,2.23e+02,0.01875
w120f,1.29e+02,0.00469
w120f,6.10e+01,0.00117
w120f,2.21e+01,0.00029
w120f,6.30e+00,0.00007
w120f,1.97e+00,0.00002
w120f,2.37e-13,0.00000
w120f,4.02e+02,0.07500
w120f,2.23e+02,0.01875
w120f,1.28e+02,0.00469
w120f,5.90e+01,0.00117
w120f,2.19e+01,0.00029
w120f,7.50e+00,0.00007
w120f,2.06e+00,0.00002
w120f,-5.65e-13,0.00000
w120f,4.05e+02,0.07500
w120f,2.27e+02,0.01875
w120f,1.26e+02,0.00469
w120f,6.25e+01,0.00117
w120f,2.22e+01,0.00029
w120f,6.05e+00,0.00007
w120f,2.06e+00,0.00002
w120f,-6.13e-13,0.00000
w407r,5.01e-02,0.01875
w407r,-9.41e-14,0.00469
w407r,2.15e-13,0.00117
w407r,9.59e-14,0.00029
w407r,6.86e-14,0.00007
w407r,-3.91e-14,0.00002
w407r,-4.73e-14,0.00000
w407r,1.82e-01,0.07500
w407r,8.65e-02,0.01875
w407r,8.56e-02,0.00469
w407r,2.21e-14,0.00117
w407r,8.99e-14,0.00029
w407r,0.00e+00,0.00007
w407r,1.11e-13,0.00002
w407r,2.54e-14,0.00000
w407r,4.14e-01,0.07500
w407r,1.35e-01,0.01875
w407r,5.00e-02,0.00469
w407r,6.80e-14,0.00117
w407r,1.05e-13,0.00029
w407r,2.62e-13,0.00007
w407r,6.40e-14,0.00002
w407r,1.47e-14,0.00000
c167a,4.62e+02,0.07500
c167a,2.93e+02,0.01875
c167a,1.10e+02,0.00469
c167a,3.57e+01,0.00117
c167a,7.61e+00,0.00029
c167a,1.86e+00,0.00007
c167a,5.51e-01,0.00002
c167a,1.40e-13,0.00000
c167a,4.00e+02,0.07500
c167a,2.95e+02,0.01875
c167a,1.03e+02,0.00469
c167a,2.99e+01,0.00117
c167a,6.36e+00,0.00029
c167a,1.74e+00,0.00007
c167a,4.00e-01,0.00002
c167a,3.25e-13,0.00000
c167a,4.43e+02,0.07500
c167a,2.62e+02,0.01875
c167a,1.08e+02,0.00469
c167a,2.50e+01,0.00117
c167a,4.22e+00,0.00029
c167a,1.22e+00,0.00007
c167a,3.12e-01,0.00002
c167a,2.88e-14,0.00000
m323k,8.94e-01,0.07500
m323k,1.76e-01,0.00469
m323k,1.66e-13,0.00117
m323k,3.33e-13,0.00029
m323k,2.84e-13,0.00007
m323k,7.28e-14,0.00002
m323k,2.63e-13,0.00000
m323k,1.16e+00,0.07500
m323k,5.36e-01,0.00469
m323k,3.52e-01,0.00117
m323k,2.04e-01,0.00029
m323k,1.68e-01,0.00007
m323k,5.07e-14,0.00002
m323k,8.09e-14,0.00000
m323k,8.81e-01,0.07500
m323k,5.44e-13,0.00469
m323k,3.34e-13,0.00117
m323k,8.37e-15,0.00029
m323k,1.66e-13,0.00007
m323k,0.00e+00,0.00002
m323k,0.00e+00,0.00000
w407g,6.13e-02,0.07500
w407g,3.44e-14,0.01875
w407g,8.00e-15,0.00469
w407g,1.94e-14,0.00117
w407g,7.74e-15,0.00029
w407g,0.00e+00,0.00007
w407g,3.58e-14,0.00002
w407g,1.18e-14,0.00000
w407g,7.37e-02,0.07500
w407g,1.23e-14,0.01875
w407g,-3.75e-15,0.00469
w407g,1.15e-14,0.00117
w407g,2.83e-14,0.00029
w407g,4.15e-14,0.00007
w407g,1.16e-14,0.00002
w407g,3.94e-14,0.00000
w407g,6.54e-02,0.07500
w407g,5.72e-02,0.01875
w407g,3.22e-14,0.00469
w407g,3.17e-15,0.00117
w407g,-1.15e-14,0.00029
w407g,1.89e-14,0.00007
w407g,9.21e-15,0.00002
w407g,0.00e+00,0.00000
r240a,5.13e+03,0.01875
r240a,2.34e+03,0.00469
r240a,7.89e+02,0.00117
r240a,2.30e+02,0.00029
r240a,6.22e+01,0.00007
r240a,1.60e+01,0.00002
r240a,0.00e+00,0.00000
r240a,8.79e+03,0.07500
r240a,5.08e+03,0.01875
r240a,2.44e+03,0.00469
r240a,7.90e+02,0.00117
r240a,2.45e+02,0.00029
r240a,5.89e+01,0.00007
r240a,1.76e+01,0.00002
r240a,-1.59e-13,0.00000
r240a,8.96e+03,0.07500
r240a,5.16e+03,0.01875
r240a,2.50e+03,0.00469
r240a,8.06e+02,0.00117
r240a,2.18e+02,0.00029
r240a,5.48e+01,0.00007
r240a,1.64e+01,0.00002
r240a,0.00e+00,0.00000
r76a,2.26e+00,0.07500
r76a,1.41e+00,0.01875
r76a,7.26e-01,0.00469
r76a,2.61e-01,0.00117
r76a,1.27e-01,0.00029
r76a,5.11e-02,0.00007
r76a,6.26e-14,0.00002
r76a,2.80e-13,0.00000
r76a,2.24e+00,0.07500
r76a,1.27e+00,0.01875
r76a,6.24e-01,0.00469
r76a,2.14e-01,0.00117
r76a,1.59e-01,0.00029
r76a,4.14e-02,0.00007
r76a,6.13e-14,0.00002
r76a,1.45e-13,0.00000
r76a,2.29e+00,0.07500
r76a,1.46e+00,0.01875
r76a,7.74e-01,0.00469
r76a,7.94e-01,0.00117
r76a,1.13e-01,0.00029
r76a,4.80e-02,0.00007
r76a,3.04e-01,0.00002
r76a,-3.65e-02,0.00000
s400a,5.35e+02,0.07500
s400a,4.26e+02,0.01875
s400a,2.94e+02,0.00469
s400a,1.57e+02,0.00117
s400a,5.60e+01,0.00029
s400a,1.60e+01,0.00007
s400a,6.66e+00,0.00002
s400a,-1.17e-13,0.00000
s400a,5.34e+02,0.07500
s400a,4.25e+02,0.01875
s400a,2.99e+02,0.00469
s400a,1.53e+02,0.00117
s400a,6.20e+01,0.00029
s400a,2.02e+01,0.00007
s400a,7.09e+00,0.00002
s400a,1.98e-13,0.00000
s400a,5.18e+02,0.07500
s400a,4.43e+02,0.01875
s400a,3.15e+02,0.00469
s400a,1.68e+02,0.00117
s400a,5.81e+01,0.00029
s400a,1.86e+01,0.00007
s400a,6.03e+00,0.00002
s400a,3.52e-13,0.00000
t296a,9.13e+01,0.07500
t296a,7.35e+01,0.01875
t296a,2.82e+01,0.00469
t296a,9.30e+00,0.00117
t296a,2.78e+00,0.00029
t296a,9.27e-01,0.00007
t296a,3.29e-13,0.00002
t296a,2.20e-13,0.00000
t296a,9.19e+01,0.07500
t296a,7.14e+01,0.01875
t296a,3.01e+01,0.00469
t296a,9.79e+00,0.00117
t296a,3.61e+00,0.00029
t296a,8.60e-01,0.00007
t296a,4.70e-01,0.00002
t296a,-3.42e-13,0.00000
t296a,9.70e+01,0.07500
t296a,7.55e+01,0.01875
t296a,2.86e+01,0.00469
t296a,8.72e+00,0.00117
t296a,2.90e+00,0.00029
t296a,8.67e-01,0.00007
t296a,3.66e-01,0.00002
t296a,-2.53e-13,0.00000
h178a,9.36e+01,0.01875
h178a,4.15e+01,0.00469
h178a,1.13e+01,0.00117
h178a,4.09e+00,0.00029
h178a,0.00e+00,0.00007
h178a,1.62e-13,0.00002
h178a,-5.93e-14,0.00000
h178a,9.54e+01,0.07500
h178a,8.20e+01,0.01875
h178a,3.82e+01,0.00469
h178a,1.29e+01,0.00117
h178a,3.98e+00,0.00029
h178a,8.05e-01,0.00007
h178a,5.08e-13,0.00002
h178a,-1.06e-13,0.00000
h178a,1.00e+02,0.07500
h178a,8.22e+01,0.01875
h178a,4.00e+01,0.00469
h178a,1.34e+01,0.00117
h178a,3.39e+00,0.00029
h178a,2.85e+00,0.00007
h178a,1.29e-01,0.00002
h178a,-2.59e-13,0.00000
l171a,7.03e+02,0.07500
l171a,5.36e+02,0.01875
l171a,2.32e+02,0.00469
l171a,8.02e+01,0.00117
l171a,2.71e+01,0.00029
l171a,1.08e+01,0.00007
l171a,3.35e+00,0.00002
l171a,-8.59e-14,0.00000
l171a,6.93e+02,0.07500
l171a,4.97e+02,0.01875
l171a,2.44e+02,0.00469
l171a,8.29e+01,0.00117
l171a,2.32e+01,0.00029
l171a,6.21e+00,0.00007
l171a,1.95e+00,0.00002
l171a,9.61e-14,0.00000
l171a,7.16e+02,0.07500
l171a,4.82e+02,0.01875
l171a,2.35e+02,0.00469
l171a,9.41e+01,0.00117
l171a,2.27e+01,0.00029
l171a,7.22e+00,0.00007
l171a,2.54e+00,0.00002
l171a,4.08e-14,0.00000
m323a,3.44e+02,0.07500
m323a,3.09e+02,0.01875
m323a,1.18e+02,0.00469
m323a,4.16e+01,0.00117
m323a,9.96e+00,0.00029
m323a,4.96e-01,0.00007
m323a,6.28e-01,0.00002
m323a,6.46e-14,0.00000
m323a,3.65e+02,0.07500
m323a,2.91e+02,0.01875
m323a,1.17e+02,0.00469
m323a,3.41e+01,0.00117
m323a,1.23e+01,0.00029
m323a,0.00e+00,0.00007
m323a,1.20e+00,0.00002
m323a,2.70e-14,0.00000
m323a,3.67e+02,0.07500
m323a,3.02e+02,0.01875
m323a,1.36e+02,0.00469
m323a,4.15e+01,0.00117
m323a,1.52e+01,0.00029
m323a,6.06e+00,0.00007
m323a,1.01e+00,0.00002
m323a,3.24e-14,0.00000
n220a,3.45e+02,0.07500
n220a,2.77e+02,0.01875
n220a,1.22e+02,0.00469
n220a,3.19e+01,0.00117
n220a,1.18e+01,0.00029
n220a,3.28e+00,0.00007
n220a,1.26e+00,0.00002
n220a,3.48e-02,0.00000
n220a,3.49e+02,0.07500
n220a,2.85e+02,0.01875
n220a,1.07e+02,0.00469
n220a,3.22e+01,0.00117
n220a,1.11e+01,0.00029
n220a,3.34e+00,0.00007
n220a,1.10e+00,0.00002
n220a,-7.64e-02,0.00000
n220a,3.50e+02,0.07500
n220a,2.77e+02,0.01875
n220a,1.17e+02,0.00469
n220a,3.54e+01,0.00117
n220a,9.14e+00,0.00029
n220a,2.78e+00,0.00007
n220a,7.48e-01,0.00002
n220a,8.14e-15,0.00000
c167a,2.61e+02,0.01875
c167a,1.19e+02,0.00469
c167a,4.14e+01,0.00117
c167a,1.42e+01,0.00029
c167a,4.34e+00,0.00007
c167a,1.39e+00,0.00002
c167a,2.92e-13,0.00000
c167a,3.50e+02,0.07500
c167a,2.53e+02,0.01875
c167a,1.19e+02,0.00469
c167a,3.87e+01,0.00117
c167a,9.28e+00,0.00029
c167a,3.08e+00,0.00007
c167a,1.37e+00,0.00002
c167a,-7.17e-14,0.00000
c167a,3.37e+02,0.07500
c167a,2.89e+02,0.01875
c167a,1.09e+02,0.00469
c167a,2.92e+01,0.00117
c167a,7.44e+00,0.00029
c167a,2.28e+00,0.00007
c167a,7.84e-01,0.00002
c167a,-3.80e-14,0.00000
e164a,2.13e-01,0.07500
e164a,1.94e-01,0.01875
e164a,1.71e-01,0.00469
e164a,1.03e-01,0.00117
e164a,4.27e-02,0.00029
e164a,1.38e-02,0.00007
e164a,1.32e-02,0.00002
e164a,3.17e-14,0.00000
e164a,1.94e-01,0.07500
e164a,1.57e-01,0.01875
e164a,1.13e-01,0.00469
e164a,1.28e-01,0.00117
e164a,5.37e-02,0.00029
e164a,6.67e-15,0.00007
e164a,8.84e-03,0.00002
e164a,7.74e-15,0.00000
e164a,1.96e-01,0.07500
e164a,1.43e-01,0.00469
e164a,9.68e-02,0.00117
e164a,4.58e-02,0.00029
e164a,1.13e-02,0.00007
e164a,7.91e-03,0.00002
e164a,4.21e-14,0.00000
e222a,7.00e+01,0.07500
e222a,9.20e+01,0.01875
e222a,9.93e+01,0.00469
e222a,5.19e+01,0.00117
e222a,2.48e+01,0.00029
e222a,6.84e+00,0.00007
e222a,2.44e+00,0.00002
e222a,0.00e+00,0.00000
e222a,7.08e+01,0.07500
e222a,8.97e+01,0.01875
e222a,9.93e+01,0.00469
e222a,5.53e+01,0.00117
e222a,2.41e+01,0.00029
e222a,1.19e+01,0.00007
e222a,2.43e+00,0.00002
e222a,1.37e-13,0.00000
e222a,7.15e+01,0.07500
e222a,9.24e+01,0.01875
e222a,1.03e+02,0.00469
e222a,5.36e+01,0.00117
e222a,2.25e+01,0.00029
e222a,6.76e+00,0.00007
e222a,2.44e+00,0.00002
e222a,1.26e-13,0.00000
e353a,1.69e-01,0.07500
e353a,2.31e-02,0.01875
e353a,2.06e-02,0.00469
e353a,5.23e-03,0.00117
e353a,4.10e-03,0.00029
e353a,6.26e-03,0.00007
e353a,8.33e-03,0.00002
e353a,4.32e-02,0.00000
e353a,1.83e-01,0.07500
e353a,4.13e-02,0.01875
e353a,1.96e-02,0.00469
e353a,6.09e-03,0.00117
e353a,5.91e-03,0.00029
e353a,8.22e-03,0.00007
e353a,4.58e-03,0.00002
e353a,1.96e-14,0.00000
e353a,1.16e-01,0.07500
e353a,4.12e-02,0.01875
e353a,1.44e-02,0.00469
e353a,1.08e-02,0.00117
e353a,4.67e-03,0.00029
e353a,2.83e-03,0.00007
e353a,1.25e-02,0.00002
e353a,-8.94e-15,0.00000
n293a,8.76e+00,0.01875
n293a,4.37e+00,0.00469
n293a,1.42e+00,0.00117
n293a,3.88e-01,0.00029
n293a,1.88e-01,0.00007
n293a,6.93e-02,0.00002
n293a,-1.27e-14,0.00000
n293a,1.16e+01,0.07500
n293a,8.22e+00,0.01875
n293a,4.17e+00,0.00469
n293a,1.36e+00,0.00117
n293a,3.82e-01,0.00029
n293a,1.35e-01,0.00007
n293a,5.00e-02,0.00002
n293a,1.46e-14,0.00000
n293a,1.08e+01,0.07500
n293a,8.40e+00,0.01875
n293a,3.70e+00,0.00469
n293a,1.30e+00,0.00117
n293a,4.44e-01,0.00029
n293a,1.67e-01,0.00007
n293a,7.73e-02,0.00002
n293a,1.55e-14,0.00000
q19a,2.24e-01,0.07500
q19a,1.48e-01,0.01875
q19a,7.27e-02,0.00469
q19a,1.40e-02,0.00117
q19a,4.66e-03,0.00029
q19a,1.73e-02,0.00007
q19a,6.65e-03,0.00002
q19a,-1.24e-14,0.00000
q19a,2.80e-01,0.07500
q19a,1.41e-01,0.01875
q19a,1.39e-02,0.00469
q19a,5.46e-03,0.00117
q19a,9.59e-03,0.00029
q19a,1.72e-02,0.00007
q19a,1.32e-02,0.00002
q19a,6.67e-14,0.00000
q19a,2.48e-01,0.07500
q19a,1.13e-02,0.00469
q19a,1.34e-02,0.00117
q19a,7.13e-03,0.00029
q19a,7.92e-03,0.00007
q19a,1.36e-02,0.00002
q19a,3.68e-14,0.00000
w120a,3.47e+01,0.07500
w120a,1.40e+01,0.01875
w120a,5.07e+00,0.00469
w120a,1.24e+00,0.00117
w120a,4.09e-01,0.00029
w120a,1.48e-01,0.00007
w120a,8.24e-02,0.00002
w120a,8.44e-14,0.00000
w120a,3.57e+01,0.07500
w120a,1.40e+01,0.01875
w120a,5.27e+00,0.00469
w120a,1.53e+00,0.00117
w120a,4.53e-01,0.00029
w120a,1.89e-01,0.00007
w120a,8.93e-02,0.00002
w120a,-2.39e-14,0.00000
w120a,3.46e+01,0.07500
w120a,1.42e+01,0.01875
w120a,5.21e+00,0.00469
w120a,1.44e+00,0.00117
w120a,4.98e-01,0.00029
w120a,2.23e-01,0.00007
w120a,7.06e-02,0.00002
w120a,-3.73e-14,0.00000
w325a,2.57e+01,0.07500
w325a,3.05e+01,0.01875
w325a,2.33e+01,0.00469
w325a,1.12e+01,0.00117
w325a,3.36e+00,0.00029
w325a,1.10e+00,0.00007
w325a,4.70e-01,0.00002
w325a,3.69e-14,0.00000
w325a,2.55e+01,0.07500
w325a,2.92e+01,0.01875
w325a,2.30e+01,0.00469
w325a,1.20e+01,0.00117
w325a,4.32e+00,0.00029
w325a,1.37e+00,0.00007
w325a,3.90e-01,0.00002
w325a,0.00e+00,0.00000
w325a,2.55e+01,0.07500
w325a,3.19e+01,0.01875
w325a,2.12e+01,0.00469
w325a,1.10e+01,0.00117
w325a,4.12e+00,0.00029
w325a,1.44e+00,0.00007
w325a,4.63e-01,0.00002
w325a,7.13e-14,0.00000
w34a,6.87e-02,0.01875
w34a,4.05e-02,0.00469
w34a,4.02e-02,0.00117
w34a,1.66e-02,0.00029
w34a,2.25e-01,0.00007
w34a,3.03e-02,0.00002
w34a,0.00e+00,0.00000
w34a,3.79e-01,0.07500
w34a,1.98e-01,0.01875
w34a,8.27e-02,0.00469
w34a,5.21e-02,0.00117
w34a,2.45e-02,0.00029
w34a,2.36e-01,0.00007
w34a,2.22e-02,0.00002
w34a,1.41e-13,0.00000
w34a,2.80e-01,0.07500
w34a,7.69e-02,0.01875
w34a,1.69e-01,0.00469
w34a,6.59e-02,0.00117
w34a,6.24e-02,0.00029
w34a,9.20e-02,0.00007
w34a,2.55e-02,0.00002
w34a,-6.70e-14,0.00000
w409a,2.24e-01,0.07500
w409a,1.33e-01,0.01875
w409a,5.40e-02,0.00469
w409a,1.05e-02,0.00117
w409a,4.73e-02,0.00029
w409a,6.09e-02,0.00007
w409a,3.04e-02,0.00002
w409a,-7.09e-14,0.00000
w409a,3.31e-01,0.07500
w409a,1.60e-01,0.01875
w409a,4.81e-02,0.00469
w409a,5.54e-02,0.00117
w409a,8.00e-02,0.00029
w409a,1.92e-01,0.00007
w409a,2.52e-02,0.00002
w409a,-1.05e-13,0.00000
w409a,3.09e-01,0.07500
w409a,1.24e-01,0.01875
w409a,1.89e-02,0.00469
w409a,2.19e-01,0.00117
w409a,3.77e-02,0.00029
w409a,4.76e-02,0.00007
w409a,2.85e-02,0.00002
w409a,-2.99e-14,0.00000
w407q,1.02e+00,0.07500
w407q,1.44e-01,0.01875
w407q,5.39e-02,0.00469
w407q,5.38e-02,0.00117
w407q,1.77e-01,0.00029
w407q,8.02e-02,0.00007
w407q,5.77e-02,0.00002
w407q,-5.34e-14,0.00000
w407q,3.02e-01,0.07500
w407q,8.48e-02,0.01875
w407q,2.25e-01,0.00469
w407q,9.48e-02,0.00117
w407q,2.14e-01,0.00029
w407q,6.48e-02,0.00007
w407q,1.02e-01,0.00002
w407q,-9.38e-14,0.00000
w407q,2.47e-01,0.07500
w407q,2.87e-01,0.01875
w407q,1.04e-01,0.00469
w407q,2.16e-02,0.00117
w407q,1.15e-01,0.00029
w407q,7.69e-02,0.00007
w407q,3.48e-02,0.00002
w407q,-6.75e-14,0.00000
y295g,9.63e-02,0.01875
y295g,1.02e-01,0.00469
y295g,5.70e-02,0.00117
y295g,5.41e-02,0.00029
y295g,3.43e-02,0.00007
y295g,9.33e-02,0.00002
y295g,6.28e-02,0.00000
y295g,1.20e-01,0.07500
y295g,6.73e-02,0.01875
y295g,8.24e-02,0.00469
y295g,9.37e-02,0.00117
y295g,6.02e-02,0.00029
y295g,7.88e-02,0.00007
y295g,-6.38e-02,0.00002
y295g,5.90e-02,0.00000
y295g,1.77e-01,0.07500
y295g,5.31e-02,0.01875
y295g,1.31e-01,0.00469
y295g,7.88e-02,0.00117
y295g,-6.71e-02,0.00029
y295g,4.32e-01,0.00007
y295g,8.43e-02,0.00002
y295g,5.00e-02,0.00000
w399s,1.46e-01,0.07500
w399s,7.34e-02,0.01875
w399s,2.44e-02,0.00469
w399s,2.29e-02,0.00117
w399s,2.60e-02,0.00029
w399s,1.18e-02,0.00007
w399s,1.63e-02,0.00002
w399s,1.19e-02,0.00000
w399s,1.57e-01,0.07500
w399s,7.87e-02,0.01875
w399s,3.25e-02,0.00469
w399s,2.80e-02,0.00117
w399s,2.16e-02,0.00029
w399s,3.49e-02,0.00007
w399s,1.29e-01,0.00002
w399s,1.20e-02,0.00000
w399s,6.97e-02,0.01875
w399s,5.23e-02,0.00469
w399s,2.77e-02,0.00117
w399s,1.01e-02,0.00029
w399s,1.46e-02,0.00007
w399s,8.67e-03,0.00002
w399g,1.90e-01,0.07500
w399g,6.84e-02,0.01875
w399g,7.39e-02,0.00469
w399g,8.08e-02,0.00117
w399g,5.70e-02,0.00029
w399g,2.67e-02,0.00007
w399g,4.13e-02,0.00002
w399g,3.99e-02,0.00000
w399g,1.36e-01,0.07500
w399g,8.08e-02,0.01875
w399g,5.66e-02,0.00469
w399g,7.79e-02,0.00117
w399g,8.25e-02,0.00029
w399g,5.09e-02,0.00007
w399g,4.68e-02,0.00002
w399g,4.48e-02,0.00000
w399g,1.23e-01,0.07500
w399g,1.18e-01,0.01875
w399g,8.81e-02,0.00469
w399g,6.50e-02,0.00117
w399g,8.67e-02,0.00029
w399g,6.45e-02,0.00007
w399g,4.06e-02,0.00002
w399g,4.61e-02,0.00000
w399c,1.51e+00,0.07500
w399c,5.45e-01,0.01875
w399c,2.09e-01,0.00469
w399c,5.54e-02,0.00117
w399c,2.97e-02,0.00029
w399c,2.94e-02,0.00007
w399c,-1.98e-02,0.00002
w399c,8.00e-03,0.00000
w399c,1.48e+00,0.07500
w399c,5.44e-01,0.01875
w399c,1.84e-01,0.00469
w399c,9.47e-02,0.00117
w399c,4.37e-02,0.00029
w399c,4.50e-02,0.00007
w399c,2.13e-02,0.00002
w399c,-1.29e-02,0.00000
w399c,1.34e+00,0.07500
w399c,5.56e-01,0.01875
w399c,1.95e-01,0.00469
w399c,9.00e-02,0.00117
w399c,6.08e-02,0.00029
w399c,1.09e-02,0.00007
w399c,1.27e-02,0.00002
w399c,1.20e-02,0.00000
w407a,10.497243,0.07500
w407a,8.171849,0.01875
w407a,2.967185,0.00469
w407a,2.751790,0.00117
w407a,0.773666,0.00029
w407a,0.298916,0.00007
w407a,0.071949,0.00002
w407a,0.000000,0.00000
w407a,8.941119,0.07500
w407a,8.479557,0.01875
w407a,3.652935,0.00469
w407a,1.833061,0.00117
w407a,0.795645,0.00029
w407a,0.175833,0.00007
w407a,0.056613,0.00002
w407a,0.091991,0.00000
w407a,11.539055,0.07500
w407a,8.352078,0.01875
w407a,4.492539,0.00469
w407a,2.422102,0.00117
w407a,0.993458,0.00029
w407a,0.558270,0.00007
w407a,0.079125,0.00002
w407a,0.000000,0.00000
q284r,304.726448,0.07500
q284r,216.149618,0.01875
q284r,78.747978,0.00469
q284r,23.075979,0.00117
q284r,5.633222,0.00029
q284r,1.363048,0.00007
q284r,0.330113,0.00002
q284r,0.000000,0.00000
q284r,322.818783,0.07500
q284r,272.801317,0.01875
q284r,99.566409,0.00469
q284r,45.800548,0.00117
q284r,13.555940,0.00029
q284r,3.578001,0.00007
q284r,1.118125,0.00002
q284r,0.000000,0.00000
q284r,336.385368,0.07500
q284r,284.898354,0.01875
q284r,146.751302,0.00469
q284r,54.585820,0.00117
q284r,16.260739,0.00029
q284r,4.035900,0.00007
q284r,1.256560,0.00002
q284r,-0.000000,0.00000
w120h,3.83e+01,0.07500
w120h,1.47e+01,0.01875
w120h,4.55e+00,0.00469
w120h,1.64e+00,0.00117
w120h,5.88e-01,0.00029
w120h,2.25e-01,0.00007
w120h,4.74e-01,0.00002
w120h,1.38e-01,0.00000
w120h,3.87e+01,0.07500
w120h,1.42e+01,0.01875
w120h,4.57e+00,0.00469
w120h,1.48e+00,0.00117
w120h,6.63e-01,0.00029
w120h,1.82e-01,0.00007
w120h,1.23e-01,0.00002
w120h,9.34e-02,0.00000
w120h,3.83e+01,0.07500
w120h,1.43e+01,0.01875
w120h,4.42e+00,0.00469
w120h,1.82e+00,0.00117
w120h,4.92e-01,0.00029
w120h,7.22e-01,0.00007
w120h,1.18e-01,0.00002
w120h,7.10e-02,0.00000
s298e,7.54e+02,0.07500
s298e,6.32e+02,0.01875
s298e,3.78e+02,0.00469
s298e,1.52e+02,0.00117
s298e,4.34e+01,0.00029
s298e,1.12e+01,0.00007
s298e,3.06e+00,0.00002
s298e,1.37e-01,0.00000
s298e,7.54e+02,0.07500
s298e,6.33e+02,0.01875
s298e,3.77e+02,0.00469
s298e,1.52e+02,0.00117
s298e,4.40e+01,0.00029
s298e,1.12e+01,0.00007
s298e,2.90e+00,0.00002
s298e,5.59e-02,0.00000
s298e,7.61e+02,0.07500
s298e,6.31e+02,0.01875
s298e,3.75e+02,0.00469
s298e,1.52e+02,0.00117
s298e,4.41e+01,0.00029
s298e,1.12e+01,0.00007
s298e,2.96e+00,0.00002
s298e,5.02e-02,0.00000
r240k,8.29e+02,0.07500
r240k,3.84e+02,0.01875
r240k,2.41e+02,0.00469
r240k,9.02e+01,0.00117
r240k,2.56e+01,0.00029
r240k,5.38e+00,0.00007
r240k,1.32e+00,0.00002
r240k,8.54e-02,0.00000
r240k,7.98e+02,0.07500
r240k,4.01e+02,0.01875
r240k,2.48e+02,0.00469
r240k,1.04e+02,0.00117
r240k,3.00e+01,0.00029
r240k,6.74e+00,0.00007
r240k,1.95e+00,0.00002
r240k,1.75e-01,0.00000
r240k,6.15e+02,0.07500
r240k,4.22e+02,0.01875
r240k,2.43e+02,0.00469
r240k,9.94e+01,0.00117
r240k,2.52e+01,0.00029
r240k,5.45e+00,0.00007
r240k,1.23e+00,0.00002
r240k,5.72e-02,0.00000
e222h,1.06e+02,0.01875
e222h,5.79e+01,0.00469
e222h,2.33e+01,0.00117
e222h,5.70e+00,0.00029
e222h,1.53e+00,0.00007
e222h,3.26e-01,0.00002
e222h,-3.07e-01,0.00000
e222h,1.43e+02,0.07500
e222h,1.05e+02,0.01875
e222h,6.01e+01,0.00469
e222h,2.53e+01,0.00117
e222h,5.60e+00,0.00029
e222h,1.58e+00,0.00007
e222h,4.48e-01,0.00002
e222h,-3.18e-01,0.00000
e222h,1.52e+02,0.07500
e222h,1.02e+02,0.01875
e222h,5.84e+01,0.00469
e222h,2.03e+01,0.00117
e222h,5.18e+00,0.00029
e222h,1.32e+00,0.00007
e222h,4.87e-01,0.00002
e222h,-2.73e-01,0.00000
e222k,9.41e+01,0.07500
e222k,8.85e+01,0.01875
e222k,3.81e+01,0.00469
e222k,1.63e+01,0.00117
e222k,3.77e+00,0.00029
e222k,1.01e+00,0.00007
e222k,4.14e-01,0.00002
e222k,-2.89e-01,0.00000
e222k,8.89e+01,0.07500
e222k,8.75e+01,0.01875
e222k,3.72e+01,0.00469
e222k,1.46e+01,0.00117
e222k,3.95e+00,0.00029
e222k,9.77e-01,0.00007
e222k,2.07e-01,0.00002
e222k,-3.89e-01,0.00000
e222k,1.01e+02,0.07500
e222k,8.06e+01,0.01875
e222k,3.81e+01,0.00469
e222k,1.27e+01,0.00117
e222k,3.25e+00,0.00029
e222k,7.91e-01,0.00007
e222k,-1.76e-01,0.00002
e222k,-3.80e-01,0.00000
e222q,5.87e+02,0.07500
e222q,4.45e+02,0.01875
e222q,1.71e+02,0.00469
e222q,5.06e+01,0.00117
e222q,1.35e+01,0.00029
e222q,3.00e+00,0.00007
e222q,9.85e-01,0.00002
e222q,-1.22e-01,0.00000
e222q,5.49e+02,0.07500
e222q,4.01e+02,0.01875
e222q,1.84e+02,0.00469
e222q,4.24e+01,0.00117
e222q,1.03e+01,0.00029
e222q,2.68e+00,0.00007
e222q,5.51e-01,0.00002
e222q,-1.79e-01,0.00000
e222q,5.74e+02,0.07500
e222q,4.00e+02,0.01875
e222q,1.89e+02,0.00469
e222q,4.88e+01,0.00117
e222q,1.16e+01,0.00029
e222q,2.86e+00,0.00007
e222q,7.84e-01,0.00002
e222q,-4.03e-02,0.00000
r240d,2.36e+02,0.07500
r240d,1.85e+02,0.01875
r240d,8.06e+01,0.00469
r240d,2.40e+01,0.00117
r240d,6.64e+00,0.00029
r240d,1.65e+00,0.00007
r240d,5.72e-01,0.00002
r240d,-1.67e-01,0.00000
r240d,2.46e+02,0.07500
r240d,1.90e+02,0.01875
r240d,7.85e+01,0.00469
r240d,2.72e+01,0.00117
r240d,9.08e+00,0.00029
r240d,2.21e+00,0.00007
r240d,7.84e-01,0.00002
r240d,-1.53e-01,0.00000
r240d,2.49e+02,0.07500
r240d,1.83e+02,0.01875
r240d,8.09e+01,0.00469
r240d,2.57e+01,0.00117
r240d,7.27e+00,0.00029
r240d,1.99e+00,0.00007
r240d,5.49e-01,0.00002
r240d,-2.58e-01,0.00000
e222y,5.39e+00,0.01875
e222y,2.83e+00,0.00469
e222y,8.90e-01,0.00117
e222y,3.07e-01,0.00029
e222y,1.58e-01,0.00007
e222y,-1.80e-01,0.00002
e222y,-2.00e-01,0.00000
e222y,9.79e+00,0.07500
e222y,4.40e+00,0.01875
e222y,3.38e+00,0.00469
e222y,8.44e-01,0.00117
e222y,4.60e-01,0.00029
e222y,1.83e-01,0.00007
e222y,1.25e-01,0.00002
e222y,-8.67e-02,0.00000
e222y,9.82e+00,0.07500
e222y,5.52e+00,0.01875
e222y,3.63e+00,0.00469
e222y,9.85e-01,0.00117
e222y,4.64e-01,0.00029
e222y,1.23e-01,0.00007
e222y,8.36e-02,0.00002
e222y,-1.29e-01,0.00000
i244e,5.12e+02,0.07500
i244e,3.18e+02,0.01875
i244e,2.26e+02,0.00469
i244e,9.37e+01,0.00117
i244e,3.44e+01,0.00029
i244e,1.47e+01,0.00007
i244e,3.44e+00,0.00002
i244e,6.59e-02,0.00000
i244e,5.20e+02,0.07500
i244e,2.96e+02,0.01875
i244e,2.43e+02,0.00469
i244e,1.29e+02,0.00117
i244e,4.96e+01,0.00029
i244e,1.00e+01,0.00007
i244e,2.67e+00,0.00002
i244e,-7.80e-02,0.00000
i244e,4.66e+02,0.07500
i244e,3.16e+02,0.01875
i244e,2.45e+02,0.00469
i244e,1.06e+02,0.00117
i244e,3.82e+01,0.00029
i244e,5.05e+00,0.00007
i244e,1.64e+00,0.00002
i244e,-1.13e-01,0.00000
n163c,2.41e+01,0.07500
n163c,2.04e+01,0.01875
n163c,1.03e+01,0.00469
n163c,4.06e+00,0.00117
n163c,1.26e+00,0.00029
n163c,3.12e-01,0.00007
n163c,1.08e-01,0.00002
n163c,5.32e-02,0.00000
n163c,2.53e+01,0.07500
n163c,1.96e+01,0.01875
n163c,1.27e+01,0.00469
n163c,5.17e+00,0.00117
n163c,1.61e+00,0.00029
n163c,4.69e-01,0.00007
n163c,1.23e-01,0.00002
n163c,4.64e-02,0.00000
n163c,2.34e+01,0.07500
n163c,1.95e+01,0.01875
n163c,1.25e+01,0.00469
n163c,5.74e+00,0.00117
n163c,1.30e+00,0.00029
n163c,4.31e-01,0.00007
n163c,1.13e-01,0.00002
n163c,-6.18e-02,0.00000
n163d,1.16e+01,0.07500
n163d,6.01e+00,0.01875
n163d,4.24e+00,0.00469
n163d,1.33e+00,0.00117
n163d,3.90e-01,0.00029
n163d,1.51e-01,0.00007
n163d,9.93e-02,0.00002
n163d,-7.62e-02,0.00000
n163d,1.08e+01,0.07500
n163d,6.54e+00,0.01875
n163d,3.52e+00,0.00469
n163d,1.00e+00,0.00117
n163d,3.37e-01,0.00029
n163d,1.16e-01,0.00007
n163d,-1.04e-01,0.00002
n163d,-1.32e-01,0.00000
n163d,1.04e+01,0.07500
n163d,6.80e+00,0.01875
n163d,3.31e+00,0.00469
n163d,1.10e+00,0.00117
n163d,3.45e-01,0.00029
n163d,1.61e-01,0.00007
n163d,-1.68e-01,0.00002
n163d,6.43e-02,0.00000
e222r,4.37e+01,0.01875
e222r,3.36e+01,0.00469
e222r,1.38e+01,0.00117
e222r,3.67e+00,0.00029
e222r,9.55e-01,0.00007
e222r,2.67e-01,0.00002
e222r,-1.02e-01,0.00000
e222r,3.46e+01,0.07500
e222r,4.15e+01,0.01875
e222r,2.68e+01,0.00469
e222r,8.78e+00,0.00117
e222r,2.32e+00,0.00029
e222r,5.14e-01,0.00007
e222r,1.30e-01,0.00002
e222r,-1.19e-01,0.00000
e222r,3.50e+01,0.07500
e222r,3.99e+01,0.01875
e222r,2.81e+01,0.00469
e222r,1.03e+01,0.00117
e222r,2.86e+00,0.00029
e222r,7.09e-01,0.00007
e222r,1.43e-01,0.00002
e222r,-6.60e-02,0.00000
q19c,5.00e-01,0.07500
q19c,6.14e-02,0.01875
q19c,-5.48e-02,0.00469
q19c,-4.06e-02,0.00117
q19c,-4.06e-02,0.00029
q19c,-2.31e-02,0.00007
q19c,-4.30e-02,0.00002
q19c,-4.10e-02,0.00000
q19c,5.94e-01,0.07500
q19c,1.18e-01,0.01875
q19c,-3.79e-01,0.00469
q19c,1.07e-02,0.00117
q19c,-5.55e-02,0.00029
q19c,-3.80e-02,0.00007
q19c,-3.31e-02,0.00002
q19c,-3.12e-02,0.00000
q19c,5.88e-01,0.07500
q19c,5.00e-02,0.01875
q19c,-6.93e-02,0.00117
q19c,-3.90e-02,0.00029
q19c,-2.56e-02,0.00007
q19c,-2.10e-02,0.00002
q19c,-2.68e-02,0.00000
s17a,512.527598,0.01875
s17a,186.587538,0.00469
s17a,84.849944,0.00117
s17a,33.069548,0.00029
s17a,5.662824,0.00007
s17a,1.823194,0.00002
s17a,0.000000,0.00000
s17a,363.479379,0.01875
s17a,182.638677,0.00469
s17a,142.738463,0.00117
s17a,28.835034,0.00029
s17a,8.443825,0.00007
s17a,2.184472,0.00002
s17a,-0.000000,0.00000
s17a,707.869827,0.07500
s17a,330.745904,0.01875
s17a,180.975117,0.00469
s17a,73.961189,0.00117
s17a,25.129833,0.00029
s17a,10.636700,0.00007
s17a,1.377898,0.00002
s17a,0.000000,0.00000
d403a,0.517426,0.07500
d403a,0.392076,0.01875
d403a,-0.000000,0.00469
d403a,0.048852,0.00117
d403a,-0.096863,0.00029
d403a,0.000000,0.00007
d403a,0.311371,0.00002
d403a,0.000000,0.00000
d403a,0.783007,0.07500
d403a,0.325108,0.01875
d403a,0.126803,0.00469
d403a,0.118768,0.00117
d403a,-0.000000,0.00029
d403a,-0.000000,0.00007
d403a,0.000000,0.00002
d403a,0.000000,0.00000
d403a,0.947851,0.07500
d403a,0.361740,0.01875
d403a,0.178581,0.00469
d403a,0.000000,0.00117
d403a,0.000000,0.00029
d403a,-0.000000,0.00007
d403a,0.000000,0.00002
d403a,-0.000000,0.00000
y18a,135.190951,0.07500
y18a,86.558882,0.01875
y18a,31.927273,0.00469
y18a,9.095152,0.00117
y18a,2.827260,0.00029
y18a,0.865749,0.00007
y18a,0.223625,0.00002
y18a,0.064891,0.00000
y18a,131.680035,0.07500
y18a,65.020594,0.01875
y18a,26.202471,0.00469
y18a,7.456300,0.00117
y18a,2.009431,0.00029
y18a,0.597398,0.00007
y18a,0.273922,0.00002
y18a,0.000000,0.00000
y18a,149.141958,0.07500
y18a,64.033448,0.01875
y18a,24.151510,0.00469
y18a,7.085721,0.00117
y18a,2.303338,0.00029
y18a,0.654902,0.00007
y18a,0.223625,0.00002
y18a,-0.000000,0.00000
w325c,9.593400,0.07500
w325c,10.130391,0.01875
w325c,5.727068,0.00469
w325c,2.297820,0.00117
w325c,0.709327,0.00029
w325c,0.229782,0.00007
w325c,0.119886,0.00002
w325c,0.000000,0.00000
w325c,8.869087,0.07500
w325c,8.556883,0.01875
w325c,5.090172,0.00469
w325c,1.735853,0.00117
w325c,0.659375,0.00029
w325c,0.259754,0.00007
w325c,0.149858,0.00002
w325c,0.000000,0.00000
w325c,9.341140,0.07500
w325c,9.873135,0.01875
w325c,5.190077,0.00469
w325c,1.705882,0.00117
w325c,0.626905,0.00029
w325c,0.187322,0.00007
w325c,0.142365,0.00002
w325c,0.000000,0.00000
n163a,5.572326,0.07500
n163a,4.468150,0.01875
n163a,1.776673,0.00469
n163a,0.524875,0.00117
n163a,0.221432,0.00029
n163a,0.035041,0.00007
n163a,0.020155,0.00002
n163a,0.060769,0.00000
n163a,5.821344,0.07500
n163a,4.494244,0.01875
n163a,1.605939,0.00469
n163a,0.445100,0.00117
n163a,0.161787,0.00029
n163a,0.058899,0.00007
n163a,0.043243,0.00002
n163a,0.045479,0.00000
n163a,5.522374,0.07500
n163a,4.041689,0.01875
n163a,1.581336,0.00469
n163a,0.617325,0.00117
n163a,0.136438,0.00029
n163a,0.043243,0.00007
n163a,0.000000,0.00002
n163a,0.022367,0.00000
h373r,649.020577,0.07500
h373r,538.779385,0.01875
h373r,341.740803,0.00469
h373r,108.177769,0.00117
h373r,29.178106,0.00029
h373r,7.318707,0.00007
h373r,1.952884,0.00002
h373r,0.469797,0.00000
h373r,661.451789,0.07500
h373r,520.351345,0.01875
h373r,292.637758,0.00469
h373r,96.902633,0.00117
h373r,25.871101,0.00029
h373r,6.572558,0.00007
h373r,5.521193,0.00002
h373r,0.310320,0.00000
h373r,663.717873,0.07500
h373r,492.333912,0.01875
h373r,308.196339,0.00469
h373r,103.664032,0.00117
h373r,29.044537,0.00029
h373r,7.028538,0.00007
h373r,1.939066,0.00002
h373r,0.271746,0.00000
v147s,4.296356,0.07500
v147s,1.873438,0.00469
v147s,0.772112,0.00117
v147s,0.312634,0.00029
v147s,0.284213,0.00007
v147s,0.139738,0.00002
v147s,-0.000000,0.00000
v147s,4.279777,0.07500
v147s,2.936869,0.01875
v147s,1.818964,0.00469
v147s,0.862113,0.00117
v147s,0.305529,0.00029
v147s,0.116054,0.00007
v147s,0.170528,0.00002
v147s,0.163423,0.00000
v147s,4.303461,0.07500
v147s,3.365558,0.01875
v147s,2.148178,0.00469
v147s,0.708164,0.00117
v147s,0.255792,0.00029
v147s,0.182370,0.00007
v147s,0.281845,0.00002
v147s,0.146843,0.00000
n354a,2.19310,0.01875
n354a,1.28212,0.00469
n354a,0.73907,0.00117
n354a,0.27313,0.00029
n354a,0.13496,0.00007
n354a,-0.17834,0.00002
n354a,-0.00000,0.00000
n354a,2.92734,0.07500
n354a,2.16900,0.01875
n354a,1.22106,0.00469
n354a,0.51574,0.00117
n354a,0.18637,0.00029
n354a,0.07712,0.00007
n354a,0.00000,0.00002
n354a,-0.02075,0.00000
n354a,2.84379,0.07500
n354a,2.06135,0.01875
n354a,1.73520,0.00469
n354a,0.44344,0.00117
n354a,0.20405,0.00029
n354a,0.05945,0.00007
n354a,0.06312,0.00002
n354a,0.04197,0.00000
n404a,3.31904,0.07500
n404a,2.39235,0.01875
n404a,1.25334,0.00469
n404a,0.41998,0.00117
n404a,0.10461,0.00029
n404a,0.03850,0.00007
n404a,0.02567,0.00002
n404a,0.00000,0.00000
n404a,3.27160,0.07500
n404a,2.37913,0.01875
n404a,1.38750,0.00469
n404a,0.48259,0.00117
n404a,0.14155,0.00029
n404a,0.04059,0.00007
n404a,0.00000,0.00002
n404a,0.00000,0.00000
n404a,3.41665,0.07500
n404a,2.34530,0.01875
n404a,1.23117,0.00469
n404a,0.42504,0.00117
n404a,0.10577,0.00029
n404a,0.03118,0.00007
n404a,0.02800,0.00002
n404a,-0.00000,0.00000
w399a,0.18660,0.07500
w399a,0.11139,0.01875
w399a,0.07407,0.00469
w399a,0.03322,0.00117
w399a,0.00000,0.00029
w399a,0.00000,0.00007
w399a,-0.00000,0.00002
w399a,-0.00000,0.00000
w399a,0.19522,0.07500
w399a,0.10048,0.01875
w399a,0.05742,0.00469
w399a,0.01482,0.00117
w399a,-0.00000,0.00029
w399a,0.00000,0.00007
w399a,0.00000,0.00002
w399a,0.00000,0.00000
w399a,0.21129,0.07500
w399a,0.11656,0.01875
w399a,0.06488,0.00469
w399a,0.03189,0.00117
w399a,0.00000,0.00029
w399a,0.00000,0.00007
w399a,-0.00000,0.00002
w399a,-0.00000,0.00000
t218a,447.60305,0.07500
t218a,185.26490,0.00469
t218a,108.71469,0.00117
t218a,42.36105,0.00029
t218a,11.94568,0.00007
t218a,3.35199,0.00002
t218a,-0.00000,0.00000
t218a,441.18029,0.07500
t218a,289.62088,0.01875
t218a,200.31511,0.00469
t218a,108.51784,0.00117
t218a,46.11797,0.00029
t218a,13.70041,0.00007
t218a,3.56008,0.00002
t218a,-0.09949,0.00000
t218a,463.85684,0.07500
t218a,286.42073,0.01875
t218a,196.01264,0.00469
t218a,101.56640,0.00117
t218a,39.49836,0.00029
t218a,11.06269,0.00007
t218a,2.99767,0.00002
t218a,-0.00000,0.00000
m221a,485.265038,0.01875
m221a,223.216345,0.00469
m221a,85.763853,0.00117
m221a,25.562054,0.00029
m221a,7.361510,0.00007
m221a,1.994683,0.00002
m221a,0.265739,0.00000
m221a,507.071071,0.07500
m221a,393.133250,0.01875
m221a,227.792828,0.00469
m221a,89.339229,0.00117
m221a,25.697542,0.00029
m221a,6.443203,0.00007
m221a,1.610801,0.00002
m221a,0.188178,0.00000
m221a,493.755622,0.07500
m221a,371.936926,0.01875
m221a,235.252190,0.00469
m221a,90.438187,0.00117
m221a,30.221333,0.00029
m221a,8.460468,0.00007
m221a,2.626960,0.00002
m221a,0.462340,0.00000
t352a,42.404063,0.07500
t352a,35.527728,0.01875
t352a,15.361857,0.00469
t352a,5.165101,0.00117
t352a,1.978124,0.00029
t352a,1.483593,0.00007
t352a,-0.000000,0.00002
t352a,-0.091867,0.00000
t352a,50.238061,0.07500
t352a,33.957789,0.01875
t352a,13.658473,0.00469
t352a,5.172950,0.00117
t352a,1.593488,0.00029
t352a,0.604427,0.00007
t352a,-0.000000,0.00002
t352a,0.000000,0.00000
t352a,57.145794,0.07500
t352a,32.748935,0.01875
t352a,13.438682,0.00469
t352a,4.780465,0.00117
t352a,1.734783,0.00029
t352a,0.947351,0.00007
t352a,0.000000,0.00002
t352a,0.117570,0.00000
s14a,295.923132,0.07500
s14a,213.857881,0.01875
s14a,127.129826,0.00469
s14a,69.484838,0.00117
s14a,28.863636,0.00029
s14a,7.652475,0.00007
s14a,1.919976,0.00002
s14a,0.713724,0.00000
s14a,302.615614,0.07500
s14a,183.805677,0.01875
s14a,114.247702,0.00469
s14a,55.715869,0.00117
s14a,19.684324,0.00029
s14a,5.732499,0.00007
s14a,1.865119,0.00002
s14a,-0.000000,0.00000
s14a,305.129873,0.07500
s14a,200.811181,0.01875
s14a,120.519624,0.00469
s14a,58.028983,0.00117
s14a,18.230627,0.00029
s14a,6.143923,0.00007
s14a,1.554266,0.00002
s14a,-0.107000,0.00000
y295a,0.233329,0.07500
y295a,0.100340,0.01875
y295a,0.098747,0.00469
y295a,0.064504,0.00117
y295a,0.004101,0.00029
y295a,0.008689,0.00007
y295a,0.016723,0.00002
y295a,-0.003911,0.00000
y295a,0.217402,0.07500
y295a,0.120248,0.01875
y295a,0.051302,0.00469
y295a,0.114674,0.00117
y295a,0.011348,0.00029
y295a,0.011489,0.00007
y295a,0.016723,0.00002
y295a,-0.035836,0.00000
y295a,0.216606,0.07500
y295a,0.144139,0.01875
y295a,0.066097,0.00469
y295a,-0.000000,0.00117
y295a,0.062115,0.00029
y295a,-0.000000,0.00007
y295a,-0.000000,0.00002
y295a,0.015348,0.00000
y294a,1.29e+02,0.01875
y294a,7.96e+01,0.00469
y294a,3.23e+01,0.00117
y294a,9.52e+00,0.00029
y294a,2.75e+00,0.00007
y294a,1.08e+00,0.00002
y294a,-4.53e-13,0.00000
y294a,1.60e+02,0.07500
y294a,1.30e+02,0.01875
y294a,7.97e+01,0.00469
y294a,3.26e+01,0.00117
y294a,1.06e+01,0.00029
y294a,3.02e+00,0.00007
y294a,1.12e+00,0.00002
y294a,-3.90e-14,0.00000
y294a,1.55e+02,0.07500
y294a,1.28e+02,0.01875
y294a,7.79e+01,0.00469
y294a,3.85e+01,0.00117
y294a,1.05e+01,0.00029
y294a,3.59e+00,0.00007
y294a,1.23e+00,0.00002
y294a,1.64e-13,0.00000
h101r,9.48e+02,0.07500
h101r,6.59e+02,0.01875
h101r,3.60e+02,0.00469
h101r,1.53e+02,0.00117
h101r,4.25e+01,0.00029
h101r,1.26e+01,0.00007
h101r,2.59e+00,0.00002
h101r,7.18e-14,0.00000
h101r,9.43e+02,0.07500
h101r,6.41e+02,0.01875
h101r,3.38e+02,0.00469
h101r,1.19e+02,0.00117
h101r,2.80e+01,0.00029
h101r,8.53e+00,0.00007
h101r,1.67e+00,0.00002
h101r,-2.76e-14,0.00000
h101r,9.31e+02,0.07500
h101r,6.43e+02,0.01875
h101r,3.22e+02,0.00469
h101r,1.00e+02,0.00117
h101r,2.98e+01,0.00029
h101r,6.40e+00,0.00007
h101r,1.21e+00,0.00002
h101r,1.28e-14,0.00000
i91e,6.29e+02,0.01875
i91e,3.10e+02,0.00469
i91e,1.23e+02,0.00117
i91e,5.25e+01,0.00029
i91e,1.00e+01,0.00007
i91e,3.06e+00,0.00002
i91e,4.75e-14,0.00000
i91e,6.94e+02,0.01875
i91e,4.07e+02,0.00469
i91e,1.34e+02,0.00117
i91e,4.70e+01,0.00029
i91e,1.42e+01,0.00007
i91e,3.27e+00,0.00002
i91e,-4.89e-14,0.00000
i91e,7.40e+02,0.07500
i91e,2.61e+02,0.00469
i91e,1.35e+02,0.00117
i91e,5.16e+01,0.00029
i91e,1.28e+01,0.00007
i91e,8.53e+00,0.00002
i91e,-1.36e-13,0.00000
l219a,134.8836831,0.01875
l219a,67.7845390,0.00469
l219a,24.7207376,0.00117
l219a,7.0746846,0.00029
l219a,2.1607411,0.00007
l219a,1.4753447,0.00002
l219a,-0.4065911,0.00000
l219a,179.3066624,0.07500
l219a,142.4578935,0.01875
l219a,65.4495461,0.00469
l219a,25.1389459,0.00117
l219a,7.8297823,0.00029
l219a,2.3117606,0.00007
l219a,0.9525848,0.00002
l219a,-0.8480328,0.00000
l219a,172.4526979,0.07500
l219a,158.8144708,0.01875
l219a,78.8786671,0.00469
l219a,24.7439710,0.00117
l219a,7.9691850,0.00029
l219a,2.4046958,0.00007
l219a,0.8828835,0.00002
l219a,0.9177341,0.00000
f415a,1.3648006,0.07500
f415a,0.6687942,0.01875
f415a,0.3338738,0.00469
f415a,0.0921031,0.00117
f415a,0.0439583,0.00029
f415a,0.0889632,0.00007
f415a,-0.0607043,0.00002
f415a,-0.0429117,0.00000
f415a,0.9765023,0.07500
f415a,0.6258825,0.01875
f415a,0.2930554,0.00469
f415a,0.0952430,0.00117
f415a,0.0994295,0.00029
f415a,-0.0544246,0.00007
f415a,-0.0575644,0.00000
f415a,0.9691759,0.07500
f415a,0.6248359,0.01875
f415a,0.4322566,0.00469
f415a,0.1025694,0.00117
f415a,0.1057093,0.00029
f415a,-0.1287350,0.00007
f415a,-0.0345387,0.00002
f415a,-0.0607043,0.00000
k413a,789.3947144,0.07500
k413a,790.2576181,0.01875
k413a,704.4089975,0.00469
k413a,196.2204621,0.00117
k413a,39.3115373,0.00029
k413a,9.3927151,0.00007
k413a,15.6413009,0.00002
k413a,0.3768988,0.00000
k413a,777.5868740,0.07500
k413a,672.1891066,0.01875
k413a,563.3149395,0.00469
k413a,149.9313350,0.00117
k413a,48.3372718,0.00029
k413a,12.3384769,0.00007
k413a,3.9128047,0.00002
k413a,0.8381039,0.00000
k413a,780.4532884,0.07500
k413a,667.2100738,0.01875
k413a,558.4549318,0.00469
k413a,120.7960658,0.00117
k413a,32.2446851,0.00029
k413a,8.5694885,0.00007
k413a,2.4498423,0.00002
k413a,-0.4314500,0.00000
h119a,114.3214889,0.07500
h119a,69.3575407,0.01875
h119a,34.4001804,0.00469
h119a,5.6261554,0.00117
h119a,1.6262398,0.00029
h119a,0.4484617,0.00007
h119a,-4.9647877,0.00002
h119a,0.3261539,0.00000
h119a,119.2092652,0.07500
h119a,92.0342970,0.01875
h119a,26.2236823,0.00469
h119a,5.0191467,0.00117
h119a,1.3182055,0.00029
h119a,0.6794874,0.00007
h119a,0.1857265,0.00002
h119a,40.0580452,0.00000
h119a,118.7879803,0.07500
h119a,90.6164332,0.01875
h119a,32.0582141,0.00469
h119a,5.3996596,0.00117
h119a,1.5582911,0.00029
h119a,0.5164104,0.00007
h119a,-0.3216240,0.00002
h119a,-0.3397437,0.00000
